{
  "MAE": {
    "mean": 7.44862606165511,
    "std": 0.18934001404290485
  },
  "RMSE": {
    "mean": 9.49725165012724,
    "std": 0.20400412256959868
  },
  "R2": {
    "mean": 0.31688277024820916,
    "std": 0.030183306273763692
  },
  "MAPE": {
    "mean": 340410.1210712231,
    "std": 761179.9227324415
  },
  "MedAE": {
    "mean": 6.171519692559533,
    "std": 0.2175607538794816
  }
}