{
  "tuning_seconds": 286.980562210083,
  "cv_seconds": 13.507632732391357
}