{
  "MAE": {
    "mean": 6.935693258853801,
    "std": 0.11596126356747118
  },
  "RMSE": {
    "mean": 8.724033970036434,
    "std": 0.09876296666328006
  },
  "R2": {
    "mean": 0.1606389693116013,
    "std": 0.006482756392869689
  },
  "MAPE": {
    "mean": 10875885.118348043,
    "std": 885499.1655926624
  },
  "MedAE": {
    "mean": 5.8175199103525745,
    "std": 0.1669001971608184
  }
}