{
  "tuning_seconds": 180.780846118927,
  "cv_seconds": 6.793685674667358
}