{
  "MAE": {
    "mean": 8.520584804910891,
    "std": 0.08681401305867469
  },
  "RMSE": {
    "mean": 10.751316847013625,
    "std": 0.09421885583210006
  },
  "R2": {
    "mean": 0.1570308299509932,
    "std": 0.015219017878322241
  },
  "MAPE": {
    "mean": 0.11983193093946967,
    "std": 0.005919913839046757
  },
  "MedAE": {
    "mean": 7.14763838377321,
    "std": 0.1771079023251534
  }
}