{
  "tuning_seconds": 227.53772521018982,
  "cv_seconds": 7.927404403686523
}