{
  "MAE": {
    "mean": 7.309849062793447,
    "std": 0.11399067003651796
  },
  "RMSE": {
    "mean": 9.26473460859405,
    "std": 0.09373720304692323
  },
  "R2": {
    "mean": 0.36512835242476765,
    "std": 0.021830857391589235
  },
  "MAPE": {
    "mean": 0.10358566022597851,
    "std": 0.0029964482148083843
  },
  "MedAE": {
    "mean": 6.011497863078757,
    "std": 0.1574348729218413
  }
}