{
  "tuning_seconds": 299.7297511100769,
  "cv_seconds": 13.024331092834473
}