{
  "MAE": {
    "mean": 12.333161767625176,
    "std": 0.2690470574113179
  },
  "RMSE": {
    "mean": 15.876185363579538,
    "std": 0.3151328637640452
  },
  "R2": {
    "mean": 0.2641492333723024,
    "std": 0.028672378290842786
  },
  "MAPE": {
    "mean": 697586.152586544,
    "std": 1559849.8640575449
  },
  "MedAE": {
    "mean": 10.045040709705201,
    "std": 0.2703120775407511
  }
}