{
  "tuning_seconds": 321.3043429851532,
  "cv_seconds": 13.914509773254395
}