{
  "MAE": {
    "mean": 5.525665118520041,
    "std": 0.049692208239822615
  },
  "RMSE": {
    "mean": 6.926209281537834,
    "std": 0.03570088656445839
  },
  "R2": {
    "mean": 0.1672365657221215,
    "std": 0.01038411844375936
  },
  "MAPE": {
    "mean": 0.15477581321659964,
    "std": 0.0036038082451509087
  },
  "MedAE": {
    "mean": 4.654463188079771,
    "std": 0.10031240358778691
  }
}