{
  "tuning_seconds": 183.01602387428284,
  "cv_seconds": 7.502936601638794
}