{
  "MAE": {
    "mean": 8.347358818373532,
    "std": 0.113164744240699
  },
  "RMSE": {
    "mean": 10.709934517687675,
    "std": 0.1354344052160021
  },
  "R2": {
    "mean": 0.43080615503392305,
    "std": 0.027761545627158598
  },
  "MAPE": {
    "mean": 11688.24485908139,
    "std": 26133.210915262327
  },
  "MedAE": {
    "mean": 6.815245800463987,
    "std": 0.1115932208069444
  }
}