{
  "tuning_seconds": 289.14259099960327,
  "cv_seconds": 11.266125440597534
}