{
  "MAE": {
    "mean": 5.106984864741481,
    "std": 0.10459247394234722
  },
  "RMSE": {
    "mean": 6.421489484720797,
    "std": 0.10487521925785749
  },
  "R2": {
    "mean": 0.20541406281152597,
    "std": 0.021124565834810486
  },
  "MAPE": {
    "mean": 0.17284616059526564,
    "std": 0.003322169200383304
  },
  "MedAE": {
    "mean": 4.318565771254379,
    "std": 0.1409339244712026
  }
}