{
  "tuning_seconds": 197.01763558387756,
  "cv_seconds": 8.301841259002686
}