{
  "MAE": {
    "mean": 5.49921206973408,
    "std": 0.06469722325033805
  },
  "RMSE": {
    "mean": 6.9108655046493315,
    "std": 0.08349168552283144
  },
  "R2": {
    "mean": 0.151682256920493,
    "std": 0.01235523445028643
  },
  "MAPE": {
    "mean": 178329.22164812236,
    "std": 398755.89777740696
  },
  "MedAE": {
    "mean": 4.655433645911986,
    "std": 0.09236398553858877
  }
}