{
  "tuning_seconds": 200.71560263633728,
  "cv_seconds": 9.260081052780151
}