{
  "MAE": {
    "mean": 6.984463721891439,
    "std": 0.1145277127166247
  },
  "RMSE": {
    "mean": 8.80696628244476,
    "std": 0.17533653717700198
  },
  "R2": {
    "mean": 0.2693666669689877,
    "std": 0.03529246745785063
  },
  "MAPE": {
    "mean": 11765233.550777972,
    "std": 2098220.156016118
  },
  "MedAE": {
    "mean": 5.876624481837922,
    "std": 0.08829542571598689
  }
}