{
  "tuning_seconds": 187.27499318122864,
  "cv_seconds": 7.707563161849976
}