{
  "MAE": {
    "mean": 5.286049938071616,
    "std": 0.05007191515430989
  },
  "RMSE": {
    "mean": 6.656360666366879,
    "std": 0.07826584420955389
  },
  "R2": {
    "mean": 0.24112002303129088,
    "std": 0.025216882264766115
  },
  "MAPE": {
    "mean": 0.16338857624724804,
    "std": 0.004552555316445495
  },
  "MedAE": {
    "mean": 4.422870093143165,
    "std": 0.05103790706669084
  }
}