{
  "tuning_seconds": 324.2614378929138,
  "cv_seconds": 9.577004671096802
}