{
  "MAE": {
    "mean": 7.556990659894178,
    "std": 0.13518040500297998
  },
  "RMSE": {
    "mean": 9.613278310777634,
    "std": 0.13734968139805298
  },
  "R2": {
    "mean": 0.3401601320026689,
    "std": 0.02194653927524753
  },
  "MAPE": {
    "mean": 364369.9530439874,
    "std": 814755.7489490814
  },
  "MedAE": {
    "mean": 6.176744439104112,
    "std": 0.15952435865848985
  }
}