{
  "tuning_seconds": 260.6079292297363,
  "cv_seconds": 14.902668714523315
}